Workbook

Sheet Legend
A1: Ingestion Quality POC — Scoring Legend
A3: NOTE: Models below are GenWiki's cloud providers (Gemini free tier / OpenRouter free tier) — GenWiki v1.0.9 has no supported local option. OpenRouter has no embeddings support in GenWiki (keyword-search fallback only); Gemini supports full semantic search. Factor that into Link Quality scoring.
A4: How to use this workbook:
A5: 1. Log each of your ~15-20 test documents once per model (2 rows per doc if testing 2 models).
A6: 2. Fill in only the yellow cells in the 'Scoring' tab after manual review against source docs.
A7: 3. Check the 'Summary' tab for automatic per-model averages once both models are scored.
A9: Scoring scale (1-5) for: Entity Extraction, Merge Correctness, Deduplication, Link Quality
A10: 5 = Excellent, no issues found
A11: 4 = Good, minor/cosmetic issues only
A12: 3 = Acceptable, some real issues but usable
A13: 2 = Weak, significant issues, would need fixing before trusting this
A14: 1 = Failing, unusable output for this document
... A23: Stop and reconsider if: any hallucinations found, or failure handling silently corrupts the graph.

Sheet Scoring
A1: Doc ID | B1: Doc Name | C1: Category | D1: Model | E1: Entity Extraction (1-5) | F1: Merge Correctness (1-5) | G1: Deduplication (1-5) | H1: Hallucination Count | I1: Link Quality (1-5) | J1: Failure Handling (Pass/Fail/N-A) | K1: Latency (sec) | L1: Overall Score (auto) | M1: Notes
A2: D01 | B2: e.g. Attention Is All You Need.pdf | C2: Straightforward | D2: Gemini (free tier) | L2: =IFERROR(AVERAGE(E2,F2,G2,I2),"")
A3: D01 | C3: Straightforward | D3: OpenRouter (free tier) | L3: =IFERROR(AVERAGE(E3,F3,G3,I3),"")
A4: D02 | C4: Straightforward | D4: Gemini (free tier) | L4: =IFERROR(AVERAGE(E4,F4,G4,I4),"")
A5: D02 | C5: Straightforward | D5: OpenRouter (free tier) | L5: =IFERROR(AVERAGE(E5,F5,G5,I5),"")
A6: D03 | C6: Straightforward | D6: Gemini (free tier) | L6: =IFERROR(AVERAGE(E6,F6,G6,I6),"")
A7: D03 | C7: Straightforward | D7: OpenRouter (free tier) | L7: =IFERROR(AVERAGE(E7,F7,G7,I7),"")
A8: D04 | C8: Straightforward | D8: Gemini (free tier) | L8: =IFERROR(AVERAGE(E8,F8,G8,I8),"")
A9: D04 | C9: Straightforward | D9: OpenRouter (free tier) | L9: =IFERROR(AVERAGE(E9,F9,G9,I9),"")
A10: D05 | C10: Overlapping topic | D10: Gemini (free tier) | L10: =IFERROR(AVERAGE(E10,F10,G10,I10),"")
A11: D05 | C11: Overlapping topic | D11: OpenRouter (free tier) | L11: =IFERROR(AVERAGE(E11,F11,G11,I11),"")
A12: D06 | C12: Overlapping topic | D12: Gemini (free tier) | L12: =IFERROR(AVERAGE(E12,F12,G12,I12),"")
A13: D06 | C13: Overlapping topic | D13: OpenRouter (free tier) | L13: =IFERROR(AVERAGE(E13,F13,G13,I13),"")
A14: D07 | C14: Overlapping topic | D14: Gemini (free tier) | L14: =IFERROR(AVERAGE(E14,F14,G14,I14),"")
... A27: D13 | C27: Messy/poorly formatted | D27: OpenRouter (free tier) | L27: =IFERROR(AVERAGE(E27,F27,G27,I27),"")

Sheet Summary
A1: Per-Model Averages (auto-calculated from Scoring tab)
A3: Metric | B3: Gemini (free tier) | C3: OpenRouter (free tier)
A4: Entity Extraction (avg) | B4: =IFERROR(AVERAGEIFS(Scoring!E2:E27,Scoring!$D$2:$D$27,$B$3),"") | C4: =IFERROR(AVERAGEIFS(Scoring!E2:E27,Scoring!$D$2:$D$27,$C$3),"")
A5: Merge Correctness (avg) | B5: =IFERROR(AVERAGEIFS(Scoring!F2:F27,Scoring!$D$2:$D$27,$B$3),"") | C5: =IFERROR(AVERAGEIFS(Scoring!F2:F27,Scoring!$D$2:$D$27,$C$3),"")
A6: Deduplication (avg) | B6: =IFERROR(AVERAGEIFS(Scoring!G2:G27,Scoring!$D$2:$D$27,$B$3),"") | C6: =IFERROR(AVERAGEIFS(Scoring!G2:G27,Scoring!$D$2:$D$27,$C$3),"")
A7: Hallucination Count (total) | B7: =SUMIFS(Scoring!H2:H27,Scoring!$D$2:$D$27,$B$3) -> 0 | C7: =SUMIFS(Scoring!H2:H27,Scoring!$D$2:$D$27,$C$3) -> 0
A8: Link Quality (avg) | B8: =IFERROR(AVERAGEIFS(Scoring!I2:I27,Scoring!$D$2:$D$27,$B$3),"") | C8: =IFERROR(AVERAGEIFS(Scoring!I2:I27,Scoring!$D$2:$D$27,$C$3),"")
A9: Latency, sec (avg) | B9: =IFERROR(AVERAGEIFS(Scoring!K2:K27,Scoring!$D$2:$D$27,$B$3),"") | C9: =IFERROR(AVERAGEIFS(Scoring!K2:K27,Scoring!$D$2:$D$27,$C$3),"")
A10: Overall Score (avg) | B10: =IFERROR(AVERAGEIFS(Scoring!L2:L27,Scoring!$D$2:$D$27,$B$3),"") | C10: =IFERROR(AVERAGEIFS(Scoring!L2:L27,Scoring!$D$2:$D$27,$C$3),"")
A12: Go/No-Go Recommendation | B12: =IF(AND(B4>=4,B5>=4,B6>=4,B8=0,B9>=4),"Model A: PROCEED",IF(AND(C4>=4,C5>=4,C6>=4,C8=0,C9>=4),"Model B: PROCEED","Neither model clears the bar yet — see Legend tab go/no-go guide")) -> Neither model clears the bar yet — see Legend tab go/no-go guide
